{"stats":{"minecraft:picked_up":{"minecraft:porkchop":1},"minecraft:custom":{"minecraft:jump":177,"minecraft:time_since_rest":532,"minecraft:deaths":2,"minecraft:damage_dealt":100,"minecraft:crouch_one_cm":1109,"minecraft:damage_taken":720,"minecraft:sprint_one_cm":21002,"minecraft:play_time":36728,"minecraft:time_since_death":945,"minecraft:walk_one_cm":10290,"minecraft:sneak_time":347,"minecraft:climb_one_cm":5916,"minecraft:total_world_time":36728,"minecraft:mob_kills":1,"minecraft:fall_one_cm":8612,"minecraft:fly_one_cm":31532,"minecraft:leave_game":1},"minecraft:used":{"alexsmobs:animal_dictionary":1},"minecraft:killed":{"minecraft:pig":1},"minecraft:killed_by":{"minecraft:zombie":1},"minecraft:mined":{"minecraft:grass":8,"luminousworld:grassvariant_2":3}},"DataVersion":3465}